{"pipeline": {"pipeline_config": {"model_package_group_name": "MobilePrepaidChurn-ModelPackageGroup", "pipeline_name": "mobile-prepaidchurn-inf-pipeline-", "base_job_prefix": "mobile-prepaidchurn-inf", "env": "dev", "project_name": "prepaidchurn", "BUName": "mobile"}, "inputs": {"input1": "s3://dlk-cloud-tier-10-preprocessed-ml-dev/mobile_prepaidchurn/inference_sample_dataset/sample_inference_dataset.csv", "input2": "s3://dlk-cloud-tier-11-inference-ml-dev/mobile_prepaidchurn/batch/2022-03-07/cluster.csv.out", "input3": "s3://dlk-cloud-tier-10-preprocessed-ml-dev/mobile_prepaidchurn/inference/preprocessed_output_dataset/clus_original.csv"}, "generic_tags": {"ProjectName": "mlops_migration", "DepartmentName": "dialog_ml", "UsecaseName": "prepaidchurn", "ResourceName": "sagemaker_notebook", "OwnerName": "mlops", "BUName": "mobile"}}, "preprocessing1": {"estimator_config": {"ecr_repository": "mobile-prepaidchurn-preprocessing-image", "instance_count": 1, "instance_type": "ml.m5.large"}, "inputs": {"code": "mobile_prepaidchurn_inf_preprocessing/preprocessing.py"}}, "create_model-dt": {"estimator_config": {"instance_count": 2, "instance_type": "ml.m5.xlarge"}}, "inference-dt": {"estimator_config": {"ecr_repository": "mobile-prepaidchurn-inf-inferencedt-image", "instance_count": 2, "instance_type": "ml.m5.2xlarge", "content_type": "text/csv"}}, "preprocessing2": {"estimator_config": {"instance_count": 1, "instance_type": "ml.m5.large"}, "inputs": {"code": "mobile_prepaidchurn_inf_preprocessing2/preprocessing.py"}}, "create_model-xgb": {"estimator_config": {"instance_count": 2, "instance_type": "ml.m5.xlarge"}}, "inference-xgb": {"estimator_config": {"ecr_repository": "mobile-prepaidchurn-inf-inferencexg-image", "instance_count": 2, "instance_type": "ml.m5.2xlarge", "content_type": "text/csv"}}, "postpreprocessing": {"inputs": {"code": "mobile_prepaidchurn_inf_postprocessing/postprocessing.py"}}}