{"pipeline": {"pipeline_config": {"model_package_group_name": "AWSWorkShop-ModelPackageGroup", "pipeline_name": "awsworkshop-team2-inference-pipeline-", "base_job_prefix": "awsworkshop-team2-inference", "env": "dev", "project_name": "awsworkshop"}, "inputs": {"input1": "s3://dlk-cloud-tier-10-preprocessed-ml-dev/aws_workshop/inference_input_dataset/telco_cutomer_inference.csv", "input2": "enter the second s3 input file location.csv"}, "generic_tags": {"ProjectName": "aws_workshop", "DepartmentName": "dialog_ml", "UsecaseName": "team2", "ResourceName": "sagemaker_notebook", "OwnerName": "saranga_gunasekara", "BUName": "awsworkshop"}}, "preprocessing": {"estimator_config": {"ecr_repository": "awsworkshop-preprocessing-image", "instance_count": 1, "instance_type": "ml.m5.large"}, "inputs": {"code": "awsworkshop_team2_inf_preprocessing/preprocessing.py"}}, "create_model": {"estimator_config": {"job_name": "awsworkshopteam2-model", "instance_count": 2, "instance_type": "ml.m5.12xlarge"}}, "inference": {"estimator_config": {"ecr_repository": "awsworkshop_team2_mlops-inference-image", "instance_count": 2, "instance_type": "ml.m5.12xlarge", "content_type": "text/csv"}}, "postpreprocessing": {"inputs": {"code": "awsworkshop_team2_inf_postprocessing/postprocessing.py"}}}